feature,importance
x1_Cytokines_Cortisol_Obs_Conc_ng/mL_GG21.1_ML,0.09376362255526177
x1_REAP_Antigen_SERPINA3,0.08029417640124505
x1_Flow_Cyt_DC1ofLive_GG31.2_ML,0.07460324861985462
x1_Flow_Cyt_CD66bCD16hiNeutMFInonnorm,0.06285556126094008
x1_Flow_Cyt_CD66bTotalNeutMFInonnorm,0.05527680909829172
x1_Flow_Cyt_CD66bEosMFInonnorm,0.04383754364323354
x0_LC_Symptom_weakness_ML_8,0.03583383524493324
x1_REAP_Antigen_IL34_ML,0.034885746248286914
x1_REAP_Virus_Antigen_HPV39_L1,0.023268995435103475
x1_REAP_Antigen_MCHR1_Epitope-3-N,0.02251797509593975
x0_LC_Symptom_mood_ML_2,0.02131111899716176
x1_Flow_Cyt_DC1,0.01991124470112211
x1_Flow_Cyt_DNofB_ML,0.01875691627853261
x1_REAP_Antigen_PIANP,0.016543379992967396
x1_Cytokines_IL-12_Obs_Conc_pg/mL_GG4.5_ML,0.015325391738885337
x1_REAP_Antigen_SOSTDC1,0.014073997050164409
x0_LC_Symptom_jtpain_swell_ML_8,0.013692125132060463
x0_LC_Symptom_sleep_ML_2,0.012852905702837758
x0_Vac_Num_at_Draw,0.012481967299416013
x0_LC_Symptom_memory_ML_2,0.012281551394907265
x1_Flow_Cyt_CD86HLADRBofB_ML,0.011678704337459817
x1_Flow_Cyt_CD66bCD16intNeutMFInonnorm,0.01163694426469983
x0_LC_Symptom_indig_reflux_ML_7,0.011410290635228335
x1_Cytokines_Complement C4b_Obs_Conc_ng/mL_GG16.2_ML,0.01081121015888285
x1_REAP_Antigen_APLN-N,0.010799117153003366
x1_REAP_Virus_Antigen_EBV_p23_ML,0.009589313888610458
x1_Flow_Cyt_CD4IL4number_ML2,0.008923639840838457
x1_REAP_Antigen_PKD1_Epitope-5-N,0.00831173703890511
x0_LC_Symptom_chestpain_ML_6,0.008027722314847354
x0_PMH_none,0.007904079130644304
x0_LC_Symptom_mmpain_cramp_ML_8,0.00781805271574849
x1_REAP_Antigen_EBI3,0.007809946369242331
x1_Flow_Cyt_CD4IL4ofLive,0.0075158464504615575
x0_LC_Symptom_confusion_ML_2,0.007445199933978726
x0_LC_Symptom_dyspnea_ML_5,0.007361793927615622
x0_LC_Symptom_heartpalp_ML_6,0.007172015137231102
x1_Flow_Cyt_NaiveBofAct,0.007111688504378421
x1_Flow_Cyt_CD4IL4ofCD3,0.00700429629614779
x1_Flow_Cyt_CD8IL2ofCD8_ML,0.006925456456192732
x0_LC_Symptom_dizziness_ML_2,0.006706473208352818
x0_LC_Symptom_headache_ML_2,0.006476549560574066
x1_Cytokines_PDGF-AA_Obs_Conc_pg/mL_GG14.5_ML,0.005225744225443818
x1_Flow_Cyt_CD8PD1pTcmofLive,0.005203793933527603
x0_LC_Symptom_sweats_ML_3,0.005180730310672221
x1_ELISA_S_Tot_800_ML,0.00511607911512176
x1_REAP_Antigen_AT2B2_Epitope-2-N,0.005035078350349364
x0_Demographics_Age,0.0049760661955517834
x0_LC_Symptom_pins_need_ML_2,0.004634927247813825
x1_Flow_Cyt_CD4IL4pofCD4_ML,0.004505091006924189
x1_REAP_Antigen_PRELP,0.004294867111115255
x1_Cytokines_CCL5_Obs_Conc_pg/mL_GG3.2_ML,0.004048782986817335
x0_LC_Symptom_nausea_ML_7,0.003899178990038962
x1_Flow_Cyt_CD4PD1pTcmofCD4_GG34.6_ML,0.003828322266472095
x1_Cytokines_Complement C5_Obs_Conc_ng/mL_GG16.6_ML,0.003820885416273668
x1_Cytokines_IL-1RA_Obs_Conc_pg/mL_GG4.1_ML,0.0038177759372298482
x1_REAP_Virus_Antigen_Rubella_Vaccine_SpikeE1_ML,0.0037537339602312487
x1_REAP_Antigen_OR13A1_Epitope-1-N,0.0037069173337252624
x1_Cytokines_APRIL_Obs_Conc_pg/mL_GG13.1_ML,0.003374378716647138
x1_Flow_Cyt_HLADRofcMono,0.0033691446376383793
x0_LC_Symptom_vision_ML_2,0.0032226645626760413
x1_Flow_Cyt_CD4IL2ofCD3,0.0031797632742836244
x1_Flow_Cyt_CSMemofASC,0.0030442049393305803
x1_RBD_800_ML,0.0029789936000851757
x1_Flow_Cyt_CD4PD1nTemofCD3,0.002973928623061718
x1_REAP_Virus_Antigen_HSV2_gD2_ML,0.002564193326694877
x1_Flow_Cyt_CD8IL2number_ML2,0.0024003030610365377
x1_Cytokines_CCL23_Obs_Conc_pg/mL_GG3.2_ML,0.0021908967404756247
x0_LC_Symptom_disorient_ML_2,0.001986263560065099
x0_LC_Symptom_cough_ML_5,0.001975002892651559
x1_Flow_Cyt_CD8IL2ofCD3,0.0019713472232529335
x0_LC_Symptom_hairloss,0.001962377801607625
x0_LC_Symptom_tinnitus_ML_2,0.0018866674397123961
x1_Flow_Cyt_HLADRofintMono,0.0018860721230672729
x0_LC_Symptom_dysaut_yn_ML_2,0.0018312143347535325
x1_Cytokines_Haptoglobin_Obs_Conc_ng/mL_GG11.2_ML,0.0018046729662897557
x0_LC_Symptom_brainfog_ML_2,0.00167378860585996
x0_LC_Symptom_sex_dysf_ML_9,0.0016137223187428675
x0_Demographics_Hispanic,0.0016021797445173308
x1_REAP_Antigen_SSBP3-AS1,0.0014057983639169161
x1_Cytokines_M-CSF_Obs_Conc_pg/mL_GG14.6_ML,0.001362505714042116
x1_Cytokines_PDGF-AB/BB_Obs_Conc_pg/mL_GG14.5_ML,0.0013609119981375878
x1_REAP_Tissue_ovary_Sum_ML,0.0012742197112255937
x0_Vac_Status_Second,0.001108672550764411
x0_LC_Symptom_abdopain_ML_7,0.0010869580900389774
x0_LC_Symptom_bloat_ML_7,0.0010015232454353906
x1_Flow_Cyt_HLADRofTotalMono,0.0009304002078538881
x1_REAP_Antigen_BEST2_Epitope-2-N,0.0009147723011584602
x1_Flow_Cyt_CD11cofncMono,0.000791093307214724
x1_Flow_Cyt_ncMononumber_ML2,0.000784701425824148
x0_Acute_COVID19_Diagnostic_pcr_result,0.0006825244700163586
x0_LC_Symptom_smell_ML_2,0.0006757498968857687
x0_Acute_COVID19_Diagnostic_At_least_one_pos,0.0005552505154229149
x0_LC_Symptom_tachypnea_ML_5,0.0005498761784580515
x0_LC_Symptom_appet_weight_ML_2,0.0005456285322071454
x0_LC_Symptom_throat_ML_4,0.0005413753177914513
x0_LC_Symptom_bodytemp_ML_3,0.00046609754131261095
x0_Acute_COVID19_Diagnostic_antib_result,0.0002982535945907127
x1_REAP_Antigen_SLC44A4_Epitope-2-N,0.0001652829891059249
x0_Acute_COVID19_Diagnostic_No_pos,0.00013002793350273657
x1_REAP_Tissue_ovary_Freq_ML,2.0432021147030887e-05
