Feature,Importance
x1_Flow_Cyt_HLADRncMonoMFInonnorm,0.1321909427450913
x1_SI_Epstein_Barr_virus_(chronic_latent)_Patient_Report_No_stage_Viral_All_motif_ScoreSum,0.12262253640656633
x1_SI_Herpes_simplex_virus_1_Patient_Report_No_stage_Viral_All_motif_ScoreSum,0.08287998646996707
x1_SI_Cytomegalovirus_Patient_Report_No_stage_Viral_All_motif_ScoreSum,0.0754723483774185
x1_Flow_Cyt_HLADRCD16hiNeutMFInonnorm,0.06931882256933675
x1_ELISA_S1_800_ML,0.06552829333356265
x1_Flow_Cyt_CD66bTotalNeutMFInonnorm,0.04929239684462402
x1_Flow_Cyt_CD66bCD16intNeutMFInonnorm,0.04717817368678906
x1_Flow_Cyt_HLADRofDC2MFInonnorm,0.039377946937450274
x1_Flow_Cyt_HLADREosMFInonnorm,0.03892512814963522
x1_Flow_Cyt_HLADRofTotalMono1MFInonnorm,0.03528767979820061
x1_Flow_Cyt_HLADRCD16intNeutMFInonnorm,0.03392556610475153
x0_Symp_Survey_Long_COVID_Propensity_Score_Optimized,0.033750182991715366
x1_Flow_Cyt_CD66bCD16hiNeutMFInonnorm,0.03305901686568741
x1_Flow_Cyt_HLADRcMonoMFInonnorm,0.030524158785638838
x0_Sample_Time_Min,0.027116155690027406
x1_ELISA_S_Tot_800_ML,0.024664857736788417
x1_Flow_Cyt_HLADRofDC1MFInonnorm,0.018233134262564253
x1_RBD_800_ML,0.011022916093138642
x1_ELISA_N_400_ML,0.010045029660249748
x1_Flow_Cyt_HLADRintMonoMFInonnorm,0.009998489090765804
x1_Flow_Cyt_CD66bEosMFInonnorm,0.009586237400030622
